{
  "files": [
    {
      "filepath": "/home/nico/Developer/ansi/src/width.bench.ts",
      "groups": [
        {
          "fullName": "src/width.bench.ts",
          "benchmarks": [
            {
              "id": "-953890573_0",
              "name": "my implementation",
              "rank": 1,
              "rme": 1.0583632657264532,
              "samples": [],
              "totalTime": 500.00005300015795,
              "min": 0.00015499999994972313,
              "max": 1.9613390000000095,
              "hz": 5482123.418893185,
              "period": 0.00018241107023487903,
              "mean": 0.00018241107023487903,
              "variance": 0.0000026593690769485955,
              "sd": 0.001630757209687756,
              "sem": 9.84985591828796e-7,
              "df": 2741061,
              "critical": 1.96,
              "moe": 0.00000193057175998444,
              "p75": 0.0001700000000255386,
              "p99": 0.0003030000000308064,
              "p995": 0.0004870000000209984,
              "p999": 0.0011739999999917927,
              "sampleCount": 2741062,
              "median": 0.00016700000003311288
            },
            {
              "id": "-953890573_1",
              "name": "string-length package",
              "rank": 4,
              "rme": 0.42609608033187424,
              "samples": [],
              "totalTime": 500.0002450000404,
              "min": 0.0011169999997946434,
              "max": 0.5473380000000816,
              "hz": 615429.6984393981,
              "period": 0.001624880961279237,
              "mean": 0.001624880961279237,
              "variance": 0.0000038396770923429155,
              "sd": 0.001959509400932518,
              "sem": 0.000003532425554117198,
              "df": 307714,
              "critical": 1.96,
              "moe": 0.000006923554086069708,
              "p75": 0.001890000000003056,
              "p99": 0.004687999999987369,
              "p995": 0.005722000000105254,
              "p999": 0.014095999999881315,
              "sampleCount": 307715,
              "median": 0.0012609999998858257
            },
            {
              "id": "-953890573_2",
              "name": "string-width package",
              "rank": 3,
              "rme": 4.222527186440264,
              "samples": [],
              "totalTime": 500.00101600000744,
              "min": 0.0013249999997242412,
              "max": 10.759930000000168,
              "hz": 659878.6591265548,
              "period": 0.0015154301266897237,
              "mean": 0.0015154301266897237,
              "variance": 0.0003516734400675342,
              "sd": 0.018752958168447298,
              "sem": 0.00003264767810764271,
              "df": 329939,
              "critical": 1.96,
              "moe": 0.00006398944909097971,
              "p75": 0.0014630000000579457,
              "p99": 0.002606000000014319,
              "p995": 0.0029319999998733692,
              "p999": 0.005526999999801774,
              "sampleCount": 329940,
              "median": 0.0014219999998204003
            },
            {
              "id": "-953890573_3",
              "name": "fast-string-width package",
              "rank": 2,
              "rme": 0.13031398509578673,
              "samples": [],
              "totalTime": 500.0001130001938,
              "min": 0.0001899999997476698,
              "max": 0.17365200000040204,
              "hz": 4612826.95749932,
              "period": 0.000216786801068756,
              "mean": 0.000216786801068756,
              "variance": 4.7915149634468825e-8,
              "sd": 0.00021889529376957565,
              "sem": 1.441344487930467e-7,
              "df": 2306413,
              "critical": 1.96,
              "moe": 2.825035196343715e-7,
              "p75": 0.00021300000025803456,
              "p99": 0.0003729999998540734,
              "p995": 0.0004380000000310247,
              "p999": 0.0007099999993442907,
              "sampleCount": 2306414,
              "median": 0.00020500000027823262
            }
          ]
        }
      ]
    }
  ]
}