{
  "files": [
    {
      "filepath": "/home/nico/Developer/ansi/src/sgr/style.bench.ts",
      "groups": [
        {
          "fullName": "src/sgr/style.bench.ts > Style > Rendering",
          "benchmarks": [
            {
              "id": "107828857_0_0_0",
              "name": "Bitfield",
              "rank": 1,
              "rme": 0.6735517137046075,
              "samples": [],
              "totalTime": 500.00001300043004,
              "min": 0.000023999999029911123,
              "max": 1.6731380000001081,
              "hz": 33990843.116208844,
              "period": 0.000029419688019540206,
              "mean": 0.000029419688019540206,
              "variance": 1.737152024272642e-7,
              "sd": 0.00041679155752877745,
              "sem": 1.0110041470518478e-7,
              "df": 16995421,
              "critical": 1.96,
              "moe": 1.9815681282216215e-7,
              "p75": 0.000028000000384054147,
              "p99": 0.0000470000013592653,
              "p995": 0.00007499999992433004,
              "p999": 0.0001630000006116461,
              "sampleCount": 16995422,
              "median": 0.000028000000384054147
            }
          ]
        },
        {
          "fullName": "src/sgr/style.bench.ts > Style > Applying",
          "benchmarks": [
            {
              "id": "107828857_0_1_0",
              "name": "Bitfield",
              "rank": 1,
              "rme": 0.2843311014445215,
              "samples": [],
              "totalTime": 500.00092400052563,
              "min": 0.001607000000149128,
              "max": 0.2763540000014473,
              "hz": 587544.9142163809,
              "period": 0.00170199754232188,
              "mean": 0.00170199754232188,
              "variance": 0.0000017908793453624573,
              "sd": 0.0013382374024673116,
              "sem": 0.0000024690348768584123,
              "df": 293772,
              "critical": 1.96,
              "moe": 0.000004839308358642488,
              "p75": 0.0016899999991437653,
              "p99": 0.0020970000005036127,
              "p995": 0.0022759999992558733,
              "p999": 0.0049760000001697335,
              "sampleCount": 293773,
              "median": 0.0016720000003260793
            }
          ]
        }
      ]
    }
  ]
}