{
  "files": [
    {
      "filepath": "/home/nico/Developer/ansi/src/sgr/style.bench.ts",
      "groups": [
        {
          "fullName": "src/sgr/style.bench.ts > Style > Rendering",
          "benchmarks": [
            {
              "id": "107828857_0_0_0",
              "name": "Bitfield",
              "rank": 1,
              "rme": 0.2730383976245523,
              "samples": [],
              "totalTime": 500.00000599425584,
              "min": 0.000019999999494757503,
              "max": 0.35169300000052317,
              "hz": 39126585.530930474,
              "period": 0.000025558069696868304,
              "mean": 0.000025558069696868304,
              "variance": 2.479895440085265e-8,
              "sd": 0.00015747683766463132,
              "sem": 3.5603746920456884e-8,
              "df": 19563292,
              "critical": 1.96,
              "moe": 6.978334396409549e-8,
              "p75": 0.000024000000848900527,
              "p99": 0.00004000000080850441,
              "p995": 0.00004600000102072954,
              "p999": 0.00009399999908055179,
              "sampleCount": 19563293,
              "median": 0.000023999999029911123
            }
          ]
        },
        {
          "fullName": "src/sgr/style.bench.ts > Style > Applying",
          "benchmarks": [
            {
              "id": "107828857_0_1_0",
              "name": "Bitfield",
              "rank": 1,
              "rme": 0.4542060378537264,
              "samples": [],
              "totalTime": 500.0017309998493,
              "min": 0.0013170000001991866,
              "max": 0.4370650000000751,
              "hz": 663729.7021679712,
              "period": 0.0015066374108822515,
              "mean": 0.0015066374108822515,
              "variance": 0.0000040455159557544624,
              "sd": 0.0020113468014627566,
              "sem": 0.0000034914480044848177,
              "df": 331865,
              "critical": 1.96,
              "moe": 0.000006843238088790243,
              "p75": 0.0014810000011493685,
              "p99": 0.002053999998679501,
              "p995": 0.0028819999988627387,
              "p999": 0.005723000000216416,
              "sampleCount": 331866,
              "median": 0.0014510000000882428
            }
          ]
        }
      ]
    }
  ]
}