{
  "files": [
    {
      "filepath": "/home/nico/Developer/ansi/test/style.bench.ts",
      "groups": [
        {
          "fullName": "test/style.bench.ts > Style > Rendering",
          "benchmarks": [
            {
              "id": "-366101126_0_0_0",
              "name": "Bitfield",
              "rank": 2,
              "rme": 0.5349405754879103,
              "samples": [],
              "totalTime": 500.00005603575846,
              "min": 0.00006299999949987978,
              "max": 1.3253229999972973,
              "hz": 13641814.47114116,
              "period": 0.00007330403166788915,
              "mean": 0.00007330403166788915,
              "variance": 2.730215026764903e-7,
              "sd": 0.0005225145956588105,
              "sem": 2.000678616632889e-7,
              "df": 6820907,
              "critical": 1.96,
              "moe": 3.9213300886004624e-7,
              "p75": 0.0000720000098226592,
              "p99": 0.00010600000678095967,
              "p995": 0.00012399999832268804,
              "p999": 0.0002879999956348911,
              "sampleCount": 6820908,
              "median": 0.0000709999876562506
            },
            {
              "id": "-366101126_0_0_1",
              "name": "Legacy",
              "rank": 1,
              "rme": 0.15835036089395904,
              "samples": [],
              "totalTime": 500.0000600026833,
              "min": 0.00005299999611452222,
              "max": 0.24150799999188166,
              "hz": 15552800.133580517,
              "period": 0.00006429710350619565,
              "mean": 0.00006429710350619565,
              "variance": 2.0983959421885953e-8,
              "sd": 0.00014485841163662522,
              "sem": 5.194627318695061e-8,
              "df": 7776400,
              "critical": 1.96,
              "moe": 1.018146954464232e-7,
              "p75": 0.00006299999949987978,
              "p99": 0.00011500000255182385,
              "p995": 0.00012199999764561653,
              "p999": 0.00016799999866634607,
              "sampleCount": 7776401,
              "median": 0.000060999998822808266
            }
          ]
        },
        {
          "fullName": "test/style.bench.ts > Style > Applying",
          "benchmarks": [
            {
              "id": "-366101126_0_1_0",
              "name": "Bitfield",
              "rank": 1,
              "rme": 0.326930769647304,
              "samples": [],
              "totalTime": 500.00113800050167,
              "min": 0.00203200000396464,
              "max": 0.2105240000091726,
              "hz": 441898.99423744576,
              "period": 0.0022629605702670363,
              "mean": 0.0022629605702670363,
              "variance": 0.0000031480921086733325,
              "sd": 0.0017742863660281372,
              "sem": 0.000003774650208769919,
              "df": 220949,
              "critical": 1.96,
              "moe": 0.000007398314409189041,
              "p75": 0.0022339999995892867,
              "p99": 0.003991000005044043,
              "p995": 0.0047230000054696575,
              "p999": 0.00794300000416115,
              "sampleCount": 220950,
              "median": 0.0021539999870583415
            },
            {
              "id": "-366101126_0_1_1",
              "name": "Legacy",
              "rank": 2,
              "rme": 0.34426494037681854,
              "samples": [],
              "totalTime": 500.00033600059396,
              "min": 0.0023369999980786815,
              "max": 0.2163600000058068,
              "hz": 370629.7509363671,
              "period": 0.0026981104389854787,
              "mean": 0.0026981104389854787,
              "variance": 0.000004162013353858348,
              "sd": 0.0020401013097045813,
              "sem": 0.000004739106272486773,
              "df": 185314,
              "critical": 1.96,
              "moe": 0.000009288648294074075,
              "p75": 0.0026840000064112246,
              "p99": 0.0038099999947007746,
              "p995": 0.0067860000126529485,
              "p999": 0.015404000005219132,
              "sampleCount": 185315,
              "median": 0.0025969999987864867
            }
          ]
        }
      ]
    }
  ]
}