{
  "files": [
    {
      "filepath": "/home/nico/Developer/ansi/src/sgr/style.bench.ts",
      "groups": [
        {
          "fullName": "src/sgr/style.bench.ts > Style > Rendering",
          "benchmarks": [
            {
              "id": "107828857_0_0_0",
              "name": "Bitfield",
              "rank": 1,
              "rme": 0.335001966292101,
              "samples": [],
              "totalTime": 500.00004798179725,
              "min": 0.00006199999188538641,
              "max": 0.49420200000167824,
              "hz": 12613112.789600357,
              "period": 0.00007928257018556992,
              "mean": 0.00007928257018556992,
              "variance": 1.1580580671244049e-7,
              "sd": 0.00034030252234216617,
              "sem": 1.3550926992274197e-7,
              "df": 6306556,
              "critical": 1.96,
              "moe": 2.6559816904857424e-7,
              "p75": 0.0000720000098226592,
              "p99": 0.0001900000061141327,
              "p995": 0.00021699999342672527,
              "p999": 0.0002519999979995191,
              "sampleCount": 6306557,
              "median": 0.00007000000914558768
            }
          ]
        },
        {
          "fullName": "src/sgr/style.bench.ts > Style > Applying",
          "benchmarks": [
            {
              "id": "107828857_0_1_0",
              "name": "Bitfield",
              "rank": 1,
              "rme": 0.4454865438475232,
              "samples": [],
              "totalTime": 500.0005250036338,
              "min": 0.0015579999890178442,
              "max": 0.26824500001384877,
              "hz": 550781.4216755043,
              "period": 0.0018156022709661312,
              "mean": 0.0018156022709661312,
              "variance": 0.000004689734059352973,
              "sd": 0.0021655793819098327,
              "sem": 0.000004126665207624572,
              "df": 275390,
              "critical": 1.96,
              "moe": 0.000008088263806944161,
              "p75": 0.0017359999910695478,
              "p99": 0.00290099999983795,
              "p995": 0.004191999993054196,
              "p999": 0.023358999998890795,
              "sampleCount": 275391,
              "median": 0.0016979999927571043
            }
          ]
        }
      ]
    }
  ]
}